Date,Open,High,Low,Close,Volume
1/1/2018,25565.75,25588,25271.55,25318.1,57576913
1/2/2018,25382.2,25425.5,25232.8,25338.25,72033811
1/3/2018,25425.75,25454.9,25300.9,25318.6,59730356
1/4/2018,25367.65,25490.35,25310.3,25462.6,105995860
1/5/2018,25524.45,25643.35,25499.55,25601.85,123622612
1/8/2018,25690.25,25771.5,25643.8,25676.1,127527935
1/9/2018,25727.95,25803.8,25617.25,25703.8,101820385
1/10/2018,25709.9,25717.6,25527.5,25617.3,81094270
1/11/2018,25628.2,25694.65,25532.25,25660.9,122695505
1/12/2018,25732.4,25775.15,25557.6,25749.05,110836433
1/15/2018,25858.15,26091.8,25842.95,26069.2,192163936
1/16/2018,26129.15,26136.4,25931.7,25974.9,169867241
1/17/2018,25946.15,26335.85,25922.3,26289.1,172092208
1/18/2018,26762.25,26887.65,26423.75,26537.4,224021671
1/19/2018,26615.65,26957.85,26433.55,26909.5,134390957
1/22/2018,26940.5,27074.9,26841.2,27041.2,113869602
1/23/2018,27089.95,27422.05,27066.15,27390.6,169332288
1/24/2018,27310.15,27479.25,27219.45,27398.55,174331160
1/25/2018,27414.1,27522.85,27151.75,27445.65,193342305
1/29/2018,27446.1,27652.05,27407.4,27498.45,114099251
1/30/2018,27466.85,27470.25,27242.05,27269.05,111009534
1/31/2018,27136.25,27455.75,27116.95,27379.45,109507598
2/1/2018,27334.85,27613.5,27046.35,27220.7,131188028
2/2/2018,27017.4,27017.55,26364.05,26451.15,147521488
2/5/2018,25968.15,26215.1,25917.55,26098.75,122729724
2/6/2018,25140.1,26140.6,25023.85,25811.3,153713739
2/7/2018,26065.4,26078.4,25558.05,25670,121038215
2/8/2018,25759.85,26126.4,25637.4,25920.65,91011548
2/9/2018,25466.3,25598.3,25371,25463.65,75985052
2/12/2018,25530.1,25757.85,25485.4,25701.6,161180184
2/14/2018,25810.25,25810.25,25212.35,25341.25,197286979
2/15/2018,25360.9,25615.15,25295.15,25424.35,291475391
2/16/2018,25511.95,25601,25100.9,25163.9,278142760
2/19/2018,25324.6,25326.05,24824.55,25058.55,273464127
2/20/2018,25105.55,25158.1,24829,24874.4,258222746
2/21/2018,24996.6,24999.7,24796.35,24936.7,152405865
2/22/2018,24812.7,24987.05,24781.7,24955.2,167442673
2/23/2018,25002.25,25345.15,24962.85,25302.5,127862871
2/26/2018,25452,25722.15,25381.2,25687.9,110903837
2/27/2018,25684.6,25723.55,25356.4,25383.6,289806608
2/28/2018,25116.25,25192.95,24942,25107.4,311474002
3/1/2018,25022.35,25226.05,24854.4,24902.55,214529321
3/5/2018,24831.35,24873.05,24682,24818.7,138679764
3/6/2018,24964.1,25040.25,24362.05,24448.45,135108832
3/7/2018,24333.85,24373.4,24096.75,24134.1,187523331
3/8/2018,24273.9,24534.5,24048.55,24477.65,169549517
3/9/2018,24556.95,24564.75,24259.7,24296.45,-
3/12/2018,24443.6,24716.05,24358.5,24664.2,165215227
3/13/2018,24624.6,25009.65,24597.55,24738.65,235984528
3/14/2018,24629.65,24894.3,24487,24851.65,209048209
3/15/2018,24854.3,24939.85,24732,24791.85,130382242
3/16/2018,24753.65,24785.35,24439.15,24489.55,189684825
3/19/2018,24530.15,24588.05,24186.95,24245.1,147614260
3/20/2018,24133.95,24355.65,24082.95,24168.2,127991875
3/21/2018,24331.3,24459.75,24208.65,24255.6,-
3/22/2018,24252.95,24314.4,24094.85,24141.5,131439602
3/23/2018,23785.65,23796.3,23605.6,23670.4,180649286
3/26/2018,23674.9,24290.65,23657.05,24244.35,193627423
3/27/2018,24396.4,24496.95,24266.4,24434.15,178620655
3/28/2018,24299.5,24361,24203.4,24263.35,183841858
4/2/2018,24235.65,24373.4,24062.95,24328.5,-
4/3/2018,24285.95,24538,24254.35,24510.6,-
4/4/2018,24502.5,24666.3,24087.8,24129.5,126222576
4/5/2018,24394.45,24824.9,24380.85,24759.8,133764907
4/6/2018,24776.35,24933.6,24626.4,24873.15,160970708
4/9/2018,24848.85,25152.85,24828,25093.8,-
4/10/2018,25153.6,25279.9,25120.2,25226.8,171760040
4/11/2018,25198.35,25207.05,24950.3,25098.25,107073367
4/12/2018,25076.9,25244.8,24969.4,25195.1,111777276
4/13/2018,25239.65,25411.3,25076.85,25200.6,110293693
4/16/2018,25082.1,25348.55,25067.35,25320.85,89034228
4/17/2018,25383.75,25402.55,25224,25334.45,89721865
4/18/2018,25426.75,25426.75,25058.75,25102.3,-
4/19/2018,25206.45,25207.3,25049.7,25126.15,95466036
4/20/2018,25126.8,25126.8,24839.3,24943.85,109581669
4/23/2018,25065.5,25084.15,24466.1,24960.65,82787891
4/24/2018,24972.2,25123.45,24955,25042.1,87396011
4/25/2018,24993.4,24993.4,24734.6,24814.4,81840418
4/26/2018,24833.2,25064,24753.4,25010.9,173426201
4/27/2018,25030.15,25441.5,25029.65,25394.6,232368278
4/30/2018,25490.15,25617.5,25464.8,25531.6,124580678
5/2/2018,25607.05,25716.75,25499.35,25568.3,117929750
5/3/2018,25547.9,25653.45,25469.05,25605.25,100388024
5/4/2018,25632.3,25680.4,25537.7,25645.4,97343104
5/7/2018,25676.25,25913.5,25675.15,25852.05,92743092
5/8/2018,26074.15,26116.25,25954.6,26090.5,198848914
5/9/2018,25988.1,26206.5,25946.3,26154.45,96440863
5/10/2018,26216.1,26266.4,26057.2,26131,214481883
5/11/2018,26173.7,26437.25,26099.85,26413.15,109005797
5/14/2018,26404.45,26565.4,26338.05,26475.15,97254252
5/15/2018,26494.9,26972.05,26407.3,26474,150002630
5/16/2018,26269.35,26428.35,26102.15,26182.15,232083519
5/17/2018,26233.2,26283.55,26012,26073.8,126926383
5/18/2018,26025.6,26032,25839,25875.6,113573727
5/21/2018,26017.5,26066.75,25685.35,25750.8,120004208
5/22/2018,25780.25,25945.65,25701.35,25777.7,179388885
5/23/2018,25726.95,25903.9,25622.15,25684.95,170573849
5/24/2018,25722.9,26073.1,25658.4,26016.8,110029603
5/25/2018,26066.75,26325.55,26031.45,26273.55,98939554
5/28/2018,26291.65,26713.65,26273.9,26614.25,136868774
5/29/2018,26567.25,26570.95,26221.1,26254.8,106152966
5/30/2018,26039.9,26405.45,25980.85,26327.8,118974102
5/31/2018,26587,27164.55,26354.55,26956.2,318900279
6/1/2018,26913.4,26996.8,26658.55,26692.8,132336254
6/4/2018,27023.7,27047.55,26205.9,26257.55,137561064
6/5/2018,26263,26342.4,26069.55,26251,107940100
6/6/2018,26266.9,26425.2,26147.8,26367.6,144159415
6/7/2018,26577.95,26766.95,26483.9,26517.8,131294980
6/8/2018,26457.25,26481,26284.2,26451.35,115660362
6/11/2018,26473.2,26653,26421.95,26453.55,144115066
6/12/2018,26566.6,26656.45,26449.85,26607.1,132109351
6/13/2018,26721.95,26765.45,26598.2,26642.8,116844183
6/14/2018,26612.3,26623.25,26503.1,26562.25,99120546
6/15/2018,26513.7,26586.4,26344.95,26417.4,147563095
6/18/2018,26444.3,26477.5,26322.45,26409.3,101362059
6/19/2018,26448.1,26448.1,26224.75,26265.75,112377787
6/20/2018,26320.45,26574.75,26309.95,26557.7,105129754
6/21/2018,26645.3,26682.95,26454.95,26496.95,122194668
6/22/2018,26518.4,26806.55,26364.25,26766.85,127690793
6/25/2018,26718.15,26804.9,26573,26609.7,89753825
6/26/2018,26495.65,26712.6,26479.65,26601.7,97355424
6/27/2018,26616.3,26634.3,26336.5,26423.4,124787831
6/28/2018,26398.1,26487.85,26161,26324.6,242245847
6/29/2018,26312.7,26465,26291.35,26364.2,128238510
7/2/2018,26364.45,26371.6,26060.6,26230.3,174872280
7/3/2018,26210.1,26316.1,26142,26204.1,104588044
7/4/2018,26249.25,26480.5,26132.9,26433.95,82888322
7/5/2018,26481.55,26598.45,26415.2,26503.3,91431872
7/6/2018,26427.55,26609.85,26410,26493.85,120291139
7/9/2018,26642.35,26781.2,26611.55,26753.3,101833058
7/10/2018,26844.55,26939.55,26778.5,26894.55,103574099
7/11/2018,26900.65,26938.85,26774.6,26816.2,91728787
7/12/2018,26937.5,27164.8,26936.05,27026.55,108520112
7/13/2018,27046.85,27102.35,26902.3,26935.95,102571130
7/16/2018,26914.5,26939.05,26643.95,26679.8,105758457
7/17/2018,26662.85,27041.35,26653.65,27008.1,217931631
7/18/2018,27107.35,27187.15,26834.45,26880.9,192207622
7/19/2018,26960.2,27025.45,26730.1,26789.65,130746919
7/20/2018,26764.4,26946.55,26718.6,26873.2,84205472
7/23/2018,26701.3,27040.1,26671.35,27008.15,125717272
7/24/2018,26984.15,27128,26868.15,26974.4,115100157
7/25/2018,26992.55,27074,26939.35,27031.3,100793998
7/26/2018,27054.7,27455.1,27045.05,27406.4,256486512
7/27/2018,27497.8,27661.05,27455,27634.4,215768964
7/30/2018,27767.65,27873.7,27607.95,27842.6,308460689
7/31/2018,27797.2,27839.2,27651.3,27764.15,185189252
8/1/2018,27684.8,27820.15,27477.9,27596.6,152825700
8/2/2018,27469.5,27487.9,27327.95,27355.95,119103729
8/3/2018,27471.95,27723,27448.15,27695.5,164821344
8/6/2018,27769.55,27994,27766.05,27898.5,184016610
8/7/2018,27972.95,27988.2,27827.3,27875.9,249213872
8/8/2018,27930.55,28128.65,27858.75,28062.45,149989901
8/9/2018,28173.65,28363.4,28132,28320,254180287
8/10/2018,28348.95,28377.9,28087.65,28124.25,285470698
8/13/2018,27760.8,27911.85,27739.5,27794.4,165765211
8/14/2018,27864.4,28053.05,27854.9,28021.7,116466884
8/16/2018,27836.15,28013.1,27779.5,27826.55,185103463
8/17/2018,27991.75,28178.15,27953.8,28128.55,156310659
8/20/2018,28171.65,28322.3,28171.65,28274.25,177840658
8/21/2018,28295.85,28305.95,28151.9,28257.9,142439166
8/23/2018,28321.95,28325.45,27965.35,28027.9,133387354
8/24/2018,27954.25,28122.75,27782.8,27834.7,169952869
8/27/2018,27971.25,28317.75,27958.2,28264.2,146706980
8/28/2018,28379.9,28388.65,28152.7,28269.65,144026112
8/29/2018,28233.4,28344.1,28167.8,28224.1,168875762
8/30/2018,28233.7,28233.7,27961.75,28103.25,186360757
8/31/2018,27998,28157.35,27940.95,28061.75,229622699
9/3/2018,28199.45,28203.2,27777.4,27819.5,127011210
9/4/2018,27845.55,27875.15,27385.85,27430.75,165858496
9/5/2018,27409.3,27506.3,27136.05,27376.05,131880484
9/6/2018,27464.25,27552.8,27246.25,27468.7,120287292
9/7/2018,27439.25,27512.5,27232.8,27481.45,144905496
9/10/2018,27395.2,27404.85,27142.55,27201.75,178147552
9/11/2018,27295.2,27318.45,26772.25,26807.5,160826279
9/12/2018,26895.15,26895.15,26555.15,26819.2,174201027
9/14/2018,27059.85,27205.75,26989.8,27163.85,136633270
9/17/2018,27002.6,27002.6,26743.4,26820.3,115283101
9/18/2018,26757,26901.05,26407.45,26441.45,308575632
9/19/2018,26532,26611.6,26235.7,26277.35,244393690
9/21/2018,26331.05,26490.4,25053.35,25596.9,547285580
9/24/2018,25645.05,25649.7,24904.5,24970.35,272396270
9/25/2018,24947.7,25406.95,24678.25,25330.35,329548199
9/26/2018,25525.1,25525.1,25197.35,25376.3,215055339
9/27/2018,25442.1,25452.5,25007.05,25042.15,262822577
9/28/2018,25135.8,25354.7,24919.25,25119.85,367109389
10/1/2018,24943.9,25412.15,24707.65,25367,304703170
10/3/2018,25290.55,25470.05,25026.35,25069.9,261054513
10/4/2018,24735.15,24893.4,24501.05,24819.3,245813411
10/5/2018,24741.65,25080.2,24250.65,24443.45,230429144
10/8/2018,24470.75,24745.35,24240.05,24618.35,223867274
10/9/2018,24703.65,24759.9,24464.9,24527.65,175374004
10/10/2018,24596.6,25371.15,24559.9,25321.7,227005049
10/11/2018,24541.75,24940.1,24493.7,24783.95,255410789
10/12/2018,25001.95,25484.2,24975.45,25395.85,200602244
10/15/2018,25444,25466.2,25147.8,25388.05,146636264
10/16/2018,25414.2,25707.05,25351.8,25589.65,226063396
10/17/2018,25839.1,25915.35,25101.95,25188.6,182759960
10/19/2018,24966.5,25277.9,24922.65,25085.8,200900442
10/22/2018,25484.25,25504.75,25021.35,25078.6,172423369
10/23/2018,24786.9,25124.6,24784.9,24972.45,144911236
10/24/2018,25312.7,25356.9,24839.65,25064.2,176623910
10/25/2018,24841.5,24977.35,24696.85,24817.45,215033794
10/26/2018,24771.85,24771.95,24353.1,24421.05,219130974
10/29/2018,24647.95,25023.75,24404.55,24959.7,279844102
10/30/2018,24924.75,25121.5,24686.85,24807.75,257591034
10/31/2018,24823.8,25201.3,24528.35,25153.25,241789641
11/1/2018,25285.2,25401.6,25129.45,25323.65,216612149
11/2/2018,25545.35,25856.25,25499.15,25701.65,297782501
11/5/2018,25731.55,25788.2,25534.4,25732.2,188023500
11/6/2018,25747.4,25860.75,25558.35,25598,162090341
11/7/2018,25818.1,25824.4,25698.1,25737.5,18966564
11/9/2018,25742.55,25822.75,25598.75,25771,145005871
11/12/2018,25816.15,25907.2,25495.1,25539.75,115950746
11/13/2018,25422,25796.5,25384.55,25768.6,141869413
11/14/2018,25952.4,26045.05,25806.7,25930.15,194940269
11/15/2018,25946.2,26197.6,25728,26154.75,171790148
11/16/2018,26205.35,26332.75,26122.55,26245.55,235671044
11/19/2018,26364.6,26379.1,26204.35,26300.7,172343045
11/20/2018,26211.5,26259.4,26041.8,26113.35,189681759
11/21/2018,26105.45,26342.05,26060.55,26262.05,159319280
11/22/2018,26233.65,26323.95,25947.85,25999.45,153931487
11/26/2018,26096,26396.6,26025.05,26365.6,174542785
11/27/2018,26286.1,26491.25,26268.65,26443.1,176101916
11/28/2018,26489.65,26584.95,26419.65,26457.95,255358541
11/29/2018,26641.6,27003.75,26577.15,26939.6,472107464
11/30/2018,27009.3,27012.7,26764.9,26862.95,228852954
12/3/2018,27032.9,27037.1,26791.65,26857.55,205823981
12/4/2018,26809.5,26843.8,26644.75,26693.8,172608502
12/5/2018,26572.1,26627.35,26443.65,26519.6,144478743
12/6/2018,26339.1,26359.9,26149.45,26198.3,139141747
12/7/2018,26307.4,26659.7,26252.1,26594.3,185529990
12/10/2018,26073.65,26336.2,26072,26102.65,156932519
12/11/2018,25602.25,26227.9,25598.95,26163.4,264187458
12/12/2018,26286.25,26672.7,26214.75,26643.85,215679380
12/13/2018,26844.15,26951.45,26723.65,26816.35,236399763
12/14/2018,26810.85,26909,26732.7,26826,168458080
12/17/2018,26915.45,27051.4,26908.6,27015.8,118695599
12/18/2018,26917.3,27210.05,26840.8,27174.7,158144343
12/19/2018,27229.05,27364.35,27214.3,27298.4,215616915
12/20/2018,27128.65,27309.1,27084.5,27275.1,191698257
12/21/2018,27261.25,27369.1,26823.1,26869.65,177065617
12/24/2018,26877.05,26934.85,26676.95,26714.75,128003648
12/26/2018,26634,27029.15,26408.15,26986.8,148910853
12/27/2018,27200.65,27239.95,26845.1,26878.55,169903194
12/28/2018,27048.4,27213.45,27039.6,27125.25,109836090
12/31/2018,27267.8,27286.5,27105,27160.2,83813951
1/1/2019,27231.4,27430.55,27019.05,27392.4,116379065
1/2/2019,27297,27397.55,27077.6,27174.7,176599164
1/3/2019,27181.6,27206.2,26923.75,26959.85,151201387
1/4/2019,26999.7,27274.5,26926.1,27195,189451222
1/7/2019,27378.65,27477.8,27279.55,27304.55,161026470
1/8/2019,27301.9,27542.4,27161.95,27509.5,150550286
1/9/2019,27651.25,27754.45,27409.5,27720.4,199818392
1/10/2019,27713.55,27713.55,27488.2,27528.55,139266179
1/11/2019,27602.8,27612.45,27382.45,27453.9,116552104
1/14/2019,27389.2,27389.8,27182.2,27248.25,212863498
1/15/2019,27317.55,27447.55,27317.1,27400.75,161396521
1/16/2019,27405.65,27554.75,27403.05,27483.7,183688179
1/17/2019,27568.6,27611.55,27335.15,27528.75,212321274
1/18/2019,27550.05,27576.45,27410.65,27456.7,129067258
1/21/2019,27514.55,27622.2,27388.5,27533.6,128881764
1/22/2019,27526.55,27533.35,27385.4,27482.25,138997867
1/23/2019,27493.1,27564.7,27189.6,27250.75,126935738
1/24/2019,27273.5,27342.35,27142.8,27266.4,210279603
1/25/2019,27261.45,27433.55,27045.2,27115.3,284535180
1/28/2019,27041.45,27134.2,26587.95,26653.05,181836992
1/29/2019,26616.25,26743.85,26441.55,26573.4,194369347
1/30/2019,26789.75,26916.25,26693.7,26825.5,249270714
1/31/2019,26969.15,27325.05,26891.05,27295.45,306292995
2/1/2019,27334.55,27533.05,26930.45,27085.95,238794913
2/4/2019,26974,27243.8,26825.55,27186.6,173078574
2/5/2019,27226.05,27348.25,27153.2,27271.7,189860429
2/6/2019,27326.2,27428.65,27294.1,27402.35,164747849
2/7/2019,27424.1,27589.75,27322.95,27387.15,156626117
2/8/2019,27302.65,27482.1,27221.25,27294.4,142258447
2/11/2019,27240.5,27305.9,27151.55,27227.8,117311228
2/12/2019,27166.9,27286.65,26988.9,27010.75,117431255
2/13/2019,27068.85,27108,26839.05,26885.4,112116513
2/14/2019,26978,27030,26818.05,26970.6,374943572
2/15/2019,27017.2,27029.95,26635.25,26794.25,252673681
2/18/2019,26754.6,26829.95,26617.7,26654.25,175449436
2/19/2019,26666.55,26996.45,26625.6,26684.85,129759984
2/20/2019,26786,26985.5,26732.65,26955.5,130711905
2/21/2019,26994.75,27100.9,26973,27052.4,148275410
2/22/2019,26960.05,26997.35,26847.8,26867.55,221450091
2/25/2019,26934.2,27197.1,26932.65,27159.25,141100629
2/26/2019,26853.8,27127.25,26736.6,26952.95,201083249
2/27/2019,27078.1,27189.45,26719.4,26799.3,193745424
2/28/2019,26878,26920.5,26762.55,26789.9,191588675
3/1/2019,26941,27076.55,26928.9,27043.9,189425878
3/5/2019,27068.15,27580.75,26958.1,27554.05,207435129
3/6/2019,27618.1,27681.65,27492.05,27625.65,179778089
3/7/2019,27661,27815.5,27560,27764.6,208017462
3/8/2019,27686.15,27811.35,27645.4,27761.8,140524297
3/11/2019,27840.1,28035.6,27791.25,27966.65,148235712
3/12/2019,28168.2,28488.1,28142.25,28443.7,184260495
3/13/2019,28480.3,28927.7,28353.65,28884.3,206998023
3/14/2019,29028.9,29070.35,28819.75,28923.1,187139544
3/15/2019,29007,29520.7,28990.85,29381.45,296217360
3/18/2019,29521.6,29812,29361.65,29596.1,185741004
3/19/2019,29702.6,29799.75,29547.7,29767.85,222296391
3/20/2019,29769.65,29885.2,29633.5,29832.2,194921072
3/22/2019,29920.75,30008.1,29508.7,29582.5,219823784
3/25/2019,29329.4,29329.4,29156.25,29281.2,132018394
3/26/2019,29300.4,29950.15,29278.5,29882.15,131212876
3/27/2019,30034.15,30262.55,29790.25,30019.8,260544922
3/28/2019,30064.8,30496.05,29969.1,30420.55,292110701
3/29/2019,30480.35,30499.15,30235.9,30426.8,219687116
4/1/2019,30537.6,30648.1,30218.35,30326.5,224440509
4/2/2019,30450.1,30452.9,30155.85,30354.25,196482019
4/3/2019,30440.85,30602.55,30036.25,30093.3,193071867
4/4/2019,30147.3,30245.7,29809.9,29904.9,199631082
4/5/2019,30002.85,30174,29850,30084.65,154141037
4/8/2019,30201.5,30232.05,29716.6,29845.3,147201421
4/9/2019,29901.5,30165.05,29703.55,30113.85,165462138
4/10/2019,29916.6,30155.75,29768.1,29803.5,165250173
4/11/2019,29841.85,29852.25,29640.25,29786.1,108247929
4/12/2019,29780.55,30000.95,29707,29938.55,104858970
4/15/2019,29983.5,30163.1,29919.1,30104.25,90613632
4/16/2019,30236.25,30590.95,30228.2,30531.35,117822281
4/18/2019,30656.5,30669.8,30142.2,30223.4,141697748
4/22/2019,30282.5,30289.9,29647.55,29687.95,132778018
4/23/2019,29761.95,29906.5,29455.45,29479.7,145857126
4/24/2019,29550.5,29914.85,29435.05,29860.8,129529258
4/25/2019,29927.05,30057.7,29511.95,29561.35,201016367
4/26/2019,29764.85,30048.2,29563.15,30013.5,158188658
4/30/2019,29920.4,29920.4,29550.05,29764.8,362563145
5/2/2019,29699.8,29919.35,29638.8,29708.6,242309997
5/3/2019,29811.65,30121.75,29795.1,29954.15,181379119
5/6/2019,29626.5,29757.4,29528.6,29618.45,188230212
5/7/2019,29749.55,29835.5,29244.25,29288.2,180581999
5/8/2019,29261.3,29261.3,28951.35,28994.4,179421775
5/9/2019,28893.95,29040.3,28784.65,28884.6,206029474
5/10/2019,28927.6,29202.85,28900.1,29040.5,223514610
5/13/2019,29026.65,29049.05,28621.1,28659.95,253600119
5/14/2019,28718.75,29058.3,28582.6,28829.2,256593306
5/15/2019,28925.45,28983.15,28555.15,28616.45,218778407
5/16/2019,28625.9,28947.6,28525.45,28855.3,189440058
5/17/2019,28881.4,29559.45,28856,29450.15,257111157
5/20/2019,30230.4,30827.85,30111.2,30759.7,321102950
5/21/2019,30862.1,30926.7,30265.1,30308.4,216423886
5/22/2019,30410.65,30675.1,30268.6,30526.8,224425509
5/23/2019,30962.8,31705,30292.35,30409.1,494083740
5/24/2019,30685.5,31275.4,30564.4,31212.55,282765890
5/27/2019,31234.9,31700.75,31142.5,31647.65,239161158
5/28/2019,31711.3,31712.4,31328.6,31597.9,297603975
5/29/2019,31459.25,31546.75,31257.9,31295.55,205161779
5/30/2019,31256.85,31619.25,31236.1,31537.1,202699071
5/31/2019,31678.9,31783.6,30623.05,31375.4,230847583
6/3/2019,31406.05,31674.6,31284.7,31653.65,160090476
6/4/2019,31532.9,31752.7,31512.95,31589.05,172424592
6/6/2019,31523.95,31541.5,30800.8,30857.4,283140588
6/7/2019,30943.15,31139.6,30627.05,31066.55,215267224
6/10/2019,31259.2,31367.4,30861.3,31034,208614002
6/11/2019,31172.25,31399.35,30973.35,31265.45,188115329
6/12/2019,31219.3,31222.3,30911.45,30965.7,143703508
6/13/2019,30876.75,31036.9,30638.25,30976.1,341891022
6/14/2019,30983.45,31032.65,30508.95,30614.35,255356460
6/17/2019,30652,30684.05,30249.4,30273.25,184466679
6/18/2019,30299.45,30550.65,30222.85,30351,241865592
6/19/2019,30526.5,30699.15,30242,30362.1,252889076
6/20/2019,30390.2,30824.55,30220.7,30781.1,293131675
6/21/2019,30804.95,30804.95,30541.5,30628.35,238841807
6/24/2019,30680.95,30783.65,30528,30602.05,165301524
6/25/2019,30567.65,30913.25,30451.4,30847.05,145143905
6/26/2019,30809.2,31202.7,30766.65,31162.35,-
6/27/2019,31192.1,31490.6,31158.8,31269.5,231102423
6/28/2019,31281,31308.9,31060.6,31105.2,223608802
7/1/2019,31271,31450.35,31246.45,31372.2,133169266
7/2/2019,31414.65,31431.35,31105.1,31283.3,233874612
7/3/2019,31347.7,31467.15,31238.5,31382.3,224146516
7/4/2019,31471,31608.35,31428.05,31471.85,242985504
7/5/2019,31523.05,31660.75,31323.25,31475.8,384291668
7/8/2019,31346.85,31370.4,30536.75,30603.85,390494875
7/9/2019,30533.4,30702.1,30346.7,30569.15,259250655
7/10/2019,30618.05,30728.35,30428.6,30522.1,184326854
7/11/2019,30707,30788.05,30565.35,30716.55,173564485
7/12/2019,30789.75,30870.95,30548.3,30601.45,156245254
7/15/2019,30688.85,30695.7,30334.2,30445.95,223023061
7/16/2019,30532.65,30635,30429.9,30570.8,369337661
7/17/2019,30622.25,30799.7,30568.3,30735.5,367511522
7/18/2019,30705.8,30769.35,30378.6,30430.6,352029779
7/19/2019,30515.1,30543.75,29705.75,29770.35,287392672
7/22/2019,29617.05,29635.15,29194.1,29284.95,350333275
7/23/2019,29342.45,29365.8,29078.15,29128.1,333503030
7/24/2019,29085.45,29252.4,28871,28952.25,244078618
7/25/2019,28981.05,29240.8,28931.05,29043.05,296560592
7/26/2019,29062.5,29379.1,28994.5,29325.3,383572807
7/29/2019,29583.45,29592.95,29104.85,29295.9,303508229
7/30/2019,29434.85,29530.3,28737.8,28791.6,301282413
7/31/2019,28575.45,28979.75,28529.75,28876,346506962
8/1/2019,28660.5,28819.7,28047.35,28367.25,282236909
8/2/2019,28224.25,28544.55,27936.35,28204.95,319929406
8/5/2019,27841.2,27866.55,27389.5,27648.05,334367503
8/6/2019,27518.5,28148.4,27503.9,28022.1,291001441
8/7/2019,28053.85,28175.55,27641.85,27702.05,353400945
8/8/2019,27840.1,28227.55,27531.05,28110.45,303596759
8/9/2019,28293.65,28602.75,28251.75,28431.9,336826632
8/13/2019,28356.8,28358.85,27683.5,27729.1,335809590
8/14/2019,27885.5,28107.05,27726.65,28019.2,290413445
8/16/2019,27920.3,28251.05,27720.95,28217,274020219
8/19/2019,28331.25,28468.9,28146.5,28186.1,241810912
8/20/2019,28163.55,28215.4,27839.65,27982.45,288236399
8/21/2019,28021,28098.9,27666.2,27719.05,358841104
8/22/2019,27690.05,27690.05,26975.55,27034.2,465070847
8/23/2019,26835.35,27207.3,26560.6,26958.65,485538647
8/26/2019,27663.95,27995.25,26859.35,27951.35,519219181
8/27/2019,28106.3,28277.7,27960.8,28126.15,386839458
8/28/2019,28080.25,28095.55,27634.65,27804.3,384111651
8/29/2019,27694.95,27719.05,27239.95,27305.2,377438481
8/30/2019,27407.9,27586.5,27121.95,27427.85,427077225
9/3/2019,27239.2,27247.05,26742.6,26824.15,392427883
9/4/2019,26785.95,27278.7,26641.35,27123.85,309520214
9/5/2019,27086.95,27243.95,26815.4,26919.7,327083693
9/6/2019,26986.5,27311.05,26950.55,27247.9,251986487
9/9/2019,27240.35,27565.55,26993.9,27504.65,286110458
9/11/2019,27639.05,27829.65,27551.65,27776.2,467414755
9/12/2019,27870.8,28062.3,27764.7,27818.5,377820739
9/13/2019,27772,28126.85,27573.45,28098.75,438497830
9/16/2019,27868,28066.7,27798.85,27855,234062573
9/17/2019,27765.1,27851.4,27047.95,27131.75,277762547
9/18/2019,27304.7,27414.45,27088.8,27172.65,307775512
9/19/2019,27175.45,27175.45,26643,26757.65,450436905
9/20/2019,26878.65,29418.95,26727.55,28981.55,844582360
9/23/2019,30039.4,30801.3,29776.3,30566.2,552171387
9/24/2019,30432,30668.1,29889.55,30183.1,348810197
9/25/2019,30029.05,30067.6,29470.1,29586.05,352814285
9/26/2019,29640.55,30718.35,29627,30002.6,540435004
9/27/2019,29974.95,30112.65,29711.35,29876.65,464096458
9/30/2019,29674.8,29754.4,28943.45,29103.15,580252025
10/1/2019,29226.15,29526.4,28077.35,28725.5,1187313940
10/3/2019,28606.7,28769.1,28240.8,28414.1,825756750
10/4/2019,28681.9,28730.3,27653.7,27731.85,732719135
10/7/2019,27909.9,28185.15,27568.35,27767.55,554307096
10/9/2019,27901.65,28857.7,27702.05,28785.85,574832720
10/10/2019,28542.95,28552.75,27914.15,28013.45,381151128
10/11/2019,28245.55,28604.05,27736.8,28042.5,558917279
10/14/2019,28238.5,28553.4,28043.25,28181.95,387660772
10/15/2019,28257.85,28694.85,28186.25,28555.1,350926458
10/16/2019,28689.45,28759.35,28305.4,28538.8,400383734
10/17/2019,28596.35,29049.05,28487.95,28989.45,617849861
10/18/2019,28954.8,29249.5,28864.1,29120.25,605170183
10/22/2019,29416.25,29690,29231.2,29411.15,582221306
10/23/2019,29478.85,29643.8,29214.05,29459.6,497765615
10/24/2019,29604.35,29693.25,28994.2,29107.95,439980796
10/25/2019,29228.65,29452.1,28923.8,29395.95,-
10/27/2019,29605.4,29644.45,29446.8,29516.3,110013856
10/29/2019,29527.6,29997.65,29385.45,29873.05,567556033
10/30/2019,30005.7,30151.1,29753,29987.5,448802636
10/31/2019,30168.65,30415.65,29987.15,30066.25,1186433992
11/1/2019,30196.15,30409,30028.9,30330.55,646745938
11/4/2019,30415.9,30607.05,30227.25,30333.1,613019002
11/5/2019,30403.25,30452.7,30091.35,30219.85,534711559
11/6/2019,30225.2,30699,30013.65,30609.6,403957809
11/7/2019,30722.6,30821.35,30462.55,30633.15,364819481
11/8/2019,30571.3,31108.4,30504.05,30749.4,620047286
11/11/2019,30664.65,31205.2,30625.8,31115.55,422777530
11/13/2019,31084.75,31198.5,30488.1,30541.55,474514279
11/14/2019,30615.8,30789.2,30338.35,30749.95,383307292
11/15/2019,30912.4,31165.45,30860.7,31008.4,393946823
11/18/2019,31036.8,31203.55,30901.85,30992.1,331730315
11/19/2019,31045.15,31298.05,30974.3,31236.25,429946749
11/20/2019,31292.35,31471.65,31205.55,31353.85,418997557
11/21/2019,31413.25,31463.15,31243,31349.95,296147991
11/22/2019,31389.6,31394.2,31055.2,31111.6,257772972
11/25/2019,31065.1,31591.6,31049.75,31555.9,317309578
11/26/2019,31692.85,31850.35,31465.85,31718.35,856689798
11/27/2019,31832.75,31916.8,31734.5,31875.95,417569581
11/28/2019,31981.7,32157.05,31905.9,32122.95,498304741
11/29/2019,32074.15,32086.95,31770.8,31946.1,667784235
12/2/2019,32008.3,32024.1,31720.6,31871.45,495997384
12/3/2019,31920.1,31936.6,31502.95,31613.35,431512247
12/4/2019,31549.3,32017.75,31444,31979.3,516797101
12/5/2019,32083.8,32126.95,31628.3,31712.95,393274720
12/6/2019,31797.15,31883.7,31250.65,31341.55,485386658
12/9/2019,31321.4,31537.65,31122.05,31316.65,494482008
12/10/2019,31386.4,31412.8,31126,31160.35,505390598
12/11/2019,31151.65,31337.85,30996.4,31256.75,815353303
12/12/2019,31356.8,31711.45,31352.1,31665.45,529686754
12/13/2019,31775.55,32105.05,31770.5,32014.25,390513196
12/16/2019,32159,32186.95,31897.75,31974.2,306021290
12/17/2019,32082.4,32213.35,31987.35,32140.25,259934353
12/18/2019,32292.25,32293.65,32017.3,32244.25,258844226
12/19/2019,32281.65,32328.35,32085.05,32241.45,436934080
12/20/2019,32266.85,32443.35,32199.45,32384.95,535239232
12/23/2019,32381,32502.8,32196.85,32339.45,391458232
12/24/2019,32337.8,32390.35,32246.05,32280.75,330830416
12/26/2019,32276.15,32314.6,31963.25,31997.7,339790478
12/27/2019,32142.5,32444.85,32056.25,32412.35,332429461
12/30/2019,32486.6,32613.1,32248.5,32354.9,274051378
12/31/2019,32345.95,32345.95,32108.75,32161.65,251409106
1/1/2020,32237.9,32348,32057.2,32102.9,184671555
1/2/2020,32133.15,32465.45,32121.4,32443.85,253558509
1/3/2020,32326.95,32329.8,31960.4,32069.25,217584385
1/6/2020,31910.45,31914.45,31170.55,31237.15,256236748
1/7/2020,31598.05,31851.45,31200.9,31399.4,294368120
1/8/2020,30995.5,31451.85,30899.55,31373.65,304484779
1/9/2020,31748.25,32172.7,31667.15,32092.4,307977487
1/10/2020,32215.7,32347.2,31953.4,32097.4,444709730
1/13/2020,32139.1,32322.65,32074.05,32177.65,291441682
1/14/2020,32196.45,32196.45,31989.2,32071.65,438912100
1/15/2020,31994.75,32000.9,31670.35,31824.9,545708720
1/16/2020,31810.55,31988.9,31692.4,31853.9,253715802
1/17/2020,31571.65,31773.55,31445.5,31590.65,308136774
1/20/2020,31923.95,31923.95,31050.95,31080.65,282225576
1/21/2020,30978.85,31171.25,30858.6,30947.55,227481016
1/22/2020,31061.6,31149.05,30614,30701.45,200582131
1/23/2020,30742.2,31087.25,30621.35,31004.05,343817897
1/24/2020,31040.1,31375.45,30879.05,31241.75,424623379
1/27/2020,31110.55,31227.05,30808.55,30837.4,309934514
1/28/2020,30922,31048.45,30656.35,30761.4,239604935
1/29/2020,30915.1,31082.85,30835.8,30877,268788386
1/30/2020,30889.25,30909.5,30521.3,30647.4,328858847
1/31/2020,30950.5,31033.45,30691.8,30833.6,333435455
2/1/2020,30726.2,30918.6,29753,29820.9,255295791
2/3/2020,29811.75,30105.8,29612.55,30023.25,337112135
2/4/2020,30235.3,30776.95,30182.45,30686.7,336610481
2/5/2020,30761.95,31065.85,30630.85,31001.95,427604425
2/6/2020,31070.75,31470.65,30917.25,31304.05,334000323
2/7/2020,31367.05,31368.2,31111.05,31201.95,254381768
2/10/2020,31248.65,31248.8,30957.2,31058.15,239696426
2/11/2020,31230.2,31505.95,31225.9,31300.6,198887095
2/12/2020,31441.15,31588.6,31398.15,31492.9,225958605
2/13/2020,31586.55,31649.45,31180.6,31230.25,303030451
2/14/2020,31281.85,31436.65,30776.1,30834.8,341366207
2/17/2020,30873.85,30998.15,30630.5,30680.7,251931924
2/18/2020,30661.5,30692.75,30252.45,30562.5,398866924
2/19/2020,30905,30947.15,30606.15,30838.2,268822099
2/20/2020,30862.3,31085.3,30702.45,30942.85,273065120
2/24/2020,30666.35,30702.15,30428,30455.1,254235861
2/25/2020,30517,30610.7,30329.95,30432.7,215913422
2/26/2020,30279.95,30515.35,30131.75,30306.85,290964252
2/27/2020,30270,30271.95,29914.15,30187,358020830
2/28/2020,29501.55,29564.1,29051.5,29147.15,386879090
3/2/2020,29701,29791.15,28571.7,28868.4,368259606
3/3/2020,29012.55,29285.35,28749.55,29177.05,367320137
3/4/2020,29252.95,29273.65,28125.15,28653.7,425845356
3/5/2020,28830.3,29134.3,28535.6,28815.35,1075709340
3/6/2020,27649.95,28047.2,27162.3,27801.45,1568142743
3/9/2020,27031.45,27091.6,25923.4,26462.6,1058982970
3/11/2020,26272.75,26791.45,26234.1,26487.8,723295485
3/12/2020,25175.9,25223.1,23536.35,23971.15,760576349
3/13/2020,22720.75,25670.75,21351.7,25166.45,783385213
3/16/2020,24061.6,24074.15,23008.25,23101.15,481906496
3/17/2020,23348.05,23449.5,22002,22155.15,537689478
3/18/2020,22411.85,22544.05,20267.95,20580.2,875287959
3/19/2020,19428.95,21035.05,18675.65,20083.5,476621914
3/20/2020,19898.3,20924.55,19265,20317.6,501768418
3/23/2020,18311.3,18895.65,16791.05,16917.65,307639369
3/24/2020,17705.85,17841.4,16116.25,17107.3,391702593
3/25/2020,16759.95,18740.2,16635.5,18481.05,394556026
3/26/2020,18781.85,20409.35,18364.5,19613.9,482884243
3/27/2020,20801.6,21462.4,19580.1,19969,539418047
3/30/2020,19254.45,19716.25,18668.7,18782.4,326991879
3/31/2020,19307.65,19466.3,18792.4,19144,309805792
4/1/2020,19122.4,19154.75,18042.25,18208.35,274864724
4/3/2020,18325.05,18326.1,17143.2,17249.3,342530350
4/7/2020,18454.55,19190.55,17953.75,19062.5,435419014
4/8/2020,18799.4,20324.1,18482.9,18946.45,508444556
4/9/2020,19553.15,19988.3,19166.9,19913.6,389986610
4/13/2020,19854.9,19887.05,19294,19488,288209448
4/15/2020,20096.35,20184.1,18776.75,19057.05,389865463
4/16/2020,18957.15,19520.3,18703.45,19400,350278671
4/17/2020,20394.75,20866.55,19729.3,20681.45,475038288
4/20/2020,21104.7,21122.1,20444.25,20522.65,438637821
4/21/2020,19812.05,19891.45,19247.95,19409.35,311922545
4/22/2020,19306.95,19806.35,19051.95,19701.85,349355747
4/23/2020,19871.35,20356.5,19584.4,20267.95,325385187
4/24/2020,19697.65,19950.15,19515.4,19586.65,305735017
4/27/2020,19870.8,20224.75,19847.65,20081.15,299864446
4/28/2020,20436.6,20751.3,20260.8,20671.1,367772101
4/29/2020,20440.4,21348.15,20393.65,21090.2,400629555
4/30/2020,21589.2,21967,21353.65,21534.5,471511130
5/4/2020,20514.75,20530.45,19643.6,19743.75,328804506
5/5/2020,20147.3,20223.15,19212.35,19271.75,381269938
5/6/2020,19302.45,19806.6,18941,19694.55,395557269
5/7/2020,19536.05,19757.25,19332.15,19491.8,300140979
5/8/2020,19844,19969.6,19285.05,19352.9,330610646
5/11/2020,19610.45,19733.4,18900.9,18950.5,342556509
5/12/2020,18751.4,18993.4,18287,18862.85,395412970
5/13/2020,20017.75,20122.25,19429.9,19634.95,520830667
5/14/2020,19197.7,19380.1,19024.75,19068.5,333038859
5/15/2020,19098.8,19119.1,18683.65,18833.95,240590869
5/18/2020,18795.1,18795.1,17514.2,17573.2,434763906
5/19/2020,18037.15,18175.3,17390.65,17486.25,415466049
5/20/2020,17486.5,18002.65,17407.7,17840.2,326225920
5/21/2020,17901.95,18200.7,17658.55,17735.1,347575113
5/22/2020,17554.25,17952.25,17105,17278.9,484792159
5/26/2020,17537.65,17681.7,17311.25,17440.35,336758208
5/27/2020,17603.4,18874.25,17560.35,18710.55,538003230
5/28/2020,18924.45,19455.55,18818.95,19169.8,561124154
5/29/2020,18962,19358.05,18729.9,19297.25,581732090
6/1/2020,19728.9,20225.35,19632.9,19959.9,558065113
6/2/2020,20120.6,20615.75,19852.55,20530.2,448324616
6/3/2020,20966.6,21619.55,20822,20940.7,616871764
6/4/2020,20932.35,21141.8,20316.2,20390.45,587859629
6/5/2020,20516.4,21198.7,20425.05,21034.5,637447046
6/8/2020,21636.1,21807.4,20911.25,21187.35,748110342
6/9/2020,21295.5,21568.85,20629.7,20724.9,641246103
6/10/2020,20760.95,21251.45,20671.55,21100.1,582992179
6/11/2020,21084.7,21244.45,20458.3,20525.15,747065326
6/12/2020,19529.3,20747.7,19526.1,20654.55,599190078
6/15/2020,20457.15,20470.85,19740.2,19912.9,465009106
6/16/2020,20500.65,20638.85,19507.05,20296.7,552448328
6/17/2020,20137.45,20627.9,19978.15,20201.75,453526032
6/18/2020,20137.6,21028.35,20030.35,20956.3,362837078
6/19/2020,20970.1,21467.65,20878.25,21338.1,523371321
6/22/2020,21491.55,22078.25,21425.55,21708.35,664606529
6/23/2020,21859.25,22322.3,21647.8,22264.9,527935624
6/24/2020,22479.35,22479.55,21336.35,21426.8,684574815
6/25/2020,21218.05,21703.5,20926.45,21506.15,586179820
6/26/2020,21735.05,21784.65,21320.1,21592.05,375592321
6/29/2020,21291.55,21440.05,21026.45,21359,328004604
6/30/2020,21524.3,21650.5,21212,21370.15,292655825
7/1/2020,21354.1,22061.6,21281.85,21977.6,385956486
7/2/2020,22133.8,22344.85,21890.5,21953.2,398994350
7/3/2020,22101.75,22130.3,21768,21852.4,256179957
7/6/2020,22270.95,22399.25,22171.05,22198.95,290921694
7/7/2020,22254.3,22674.5,22040.35,22628,455766093
7/8/2020,22700.9,23080.6,22499.5,22584.65,673130542
7/9/2020,22753.15,22998.3,22673.4,22907.2,355982560
7/10/2020,22720.95,22835.2,22320.05,22398.45,457099610
7/13/2020,22613.25,22657.4,21981.65,22089.25,293704011
7/14/2020,21877.6,21909.7,21222.45,21392.2,338499620
7/15/2020,21634.25,21935.5,21230.55,21340.75,359145119
7/16/2020,21453.25,21671.25,21027.85,21597.15,348563989
7/17/2020,21608.05,22065,21550.8,21966.8,294921788
7/20/2020,22307.3,22520.45,22187.8,22321.85,349653489
7/21/2020,22639.85,22861.9,22597.95,22782,316649600
7/22/2020,23159,23211.35,22658.2,22882.6,412721326
7/23/2020,22854.85,23122.35,22734.9,23083.9,307580829
7/24/2020,22853.2,22854.05,22417.2,22662.05,436264876
7/27/2020,22664.6,22668.05,21801.35,21848.75,340888880
7/28/2020,21940.15,22233,21611.4,22105.2,379785455
7/29/2020,22075,22346.4,21906.35,22076.6,400357048
7/30/2020,22195.05,22252.6,21580.15,21646.85,299568955
7/31/2020,21730.55,21806.95,21375,21640.05,397341689
8/3/2020,21543.8,21543.8,21031.45,21072.1,431029295
8/4/2020,21248.25,21576.35,21057.75,21490.5,297019822
8/5/2020,21686.85,21936.5,21448.4,21509.95,338829581
8/6/2020,21644.25,21926.55,21370.3,21642.6,386597915
8/7/2020,21620.25,21787.25,21451.3,21754,378616471
8/10/2020,21824.9,22071.95,21795.1,21900.25,261796164
8/11/2020,22050.2,22277.6,22039.85,22227.2,377912975
8/12/2020,22135.95,22326.55,21990.2,22264,507472323
8/13/2020,22395.2,22439.95,22139.6,22196.35,289096635
8/14/2020,22334.95,22334.95,21459.1,21679.4,318837489
8/17/2020,21906.95,21909.4,21403.15,21700.85,263359893
8/18/2020,21702,22227.75,21629.4,22170.6,311809274
8/19/2020,22315.4,22419.35,22234.25,22285.9,348005901
8/20/2020,21989.9,22079.9,21886.7,21999.45,314838525
8/21/2020,22190.7,22344.05,22165.05,22299.6,347083160
8/24/2020,22436.85,22897.5,22410.05,22833,346273118
8/25/2020,22973.4,23180.3,22857.9,23092.15,422190044
8/26/2020,23175.55,23453.4,23093.15,23414.2,337920632
8/27/2020,23511.45,23704.05,23464.15,23600.35,430926732
8/28/2020,23635.3,24611.8,23599.2,24523.8,812646625
8/31/2020,25038.8,25232.6,23385.3,23754.35,712975732
9/1/2020,23893.8,24199.65,23473.15,23812,484334092
9/2/2020,23769,23926.15,23482.55,23874.55,293508250
9/3/2020,23986.15,24051.6,23451.65,23530.85,214818095
9/4/2020,23119.15,23394.8,22876.9,23011.5,341042607
9/7/2020,23036.25,23109.1,22716.25,22945.05,245264124
9/8/2020,22971.2,23064.15,22641.4,22744.4,231451727
9/9/2020,22486.7,22554.6,22080.4,22267,305088443
9/10/2020,22466.55,22678.65,22225.25,22466.2,278551123
9/11/2020,22509.95,22668.75,22205.95,22479.95,214789265
9/14/2020,22683.35,22757.3,22028.15,22101.25,265397711
9/15/2020,22202.8,22514.15,22062.35,22465.65,248826760
9/16/2020,22476.3,22659.4,22216.5,22573.55,245862302
9/17/2020,22352,22504.45,22267.05,22320.35,216408615
9/18/2020,22439.35,22469.4,21784.9,22031.05,320585881
9/21/2020,21983.4,22098.85,21274.3,21366.8,283525089
9/22/2020,21445.25,21473.35,20958.45,21139.1,325400312
9/23/2020,21350.8,21365.05,20821,21178.5,299197195
9/24/2020,20898.8,20955.6,20404.9,20456.85,276420580
9/25/2020,20740.8,21064.3,20430.7,20982.35,280646576
9/28/2020,21152.05,21708.85,21055.1,21665.5,240223120
9/29/2020,21770.9,21811.5,21280.6,21411.3,242993739
9/30/2020,21405.25,21549.35,21128.5,21451.8,240051659
10/1/2020,21685.25,22293.75,21664.15,22246,348728050
10/5/2020,22352.1,22768.55,22247.25,22370.95,325414639
10/6/2020,22673.05,22893.5,22521.05,22853.7,247980470
10/7/2020,22836.95,23036.2,22607.8,22964.8,236098777
10/8/2020,23150.25,23450.9,23063.6,23191.35,280136398
10/9/2020,23312.6,23904.1,23132.45,23846.8,350978943
10/12/2020,23955.6,24190.35,23552.6,23712.8,280694619
10/13/2020,23663.05,23775.15,23431.5,23492.2,190829083
10/14/2020,23353.15,23962.7,23149.45,23874.65,225363576
10/15/2020,23920.35,24087.85,22970.95,23072.4,270328079
10/16/2020,23219.85,23646.2,23148.95,23533.25,229438006
10/19/2020,23902.9,24320.95,23754.85,24266.75,388154335
10/20/2020,24117.35,24410.9,24039.85,24311.8,254147636
10/21/2020,24444.2,24823.6,24099.85,24635.05,335657280
10/22/2020,24447.35,24691.15,24250.2,24484.15,241407252
10/23/2020,24669.2,24764.15,24360.85,24478.3,196845852
10/26/2020,24525.8,24577.3,23867.75,24075.45,260452297
10/27/2020,24288.05,24809.65,23924.2,24769.5,299009849
10/28/2020,24737.85,24780.7,24057.95,24232.5,272722955
10/29/2020,24063.5,24339.1,23822.05,24092,340550442
10/30/2020,24090.15,24277.35,23612.7,23900.9,271824691
11/2/2020,24367.6,25139,24120.6,24892.5,437217701
11/3/2020,25108,25760.7,25085.7,25682.8,407591534
11/4/2020,25539.55,25891,25142,25771.6,409247572
11/5/2020,26174.8,26375.2,26000.05,26313.1,385307914
11/6/2020,26274.1,26853.45,26135.3,26798.95,357689528
11/9/2020,27088.95,27595,27068.95,27534.1,365124397
11/10/2020,28039.45,28802.5,27916.9,28606,595796701
11/11/2020,28713.15,29030.9,28211.1,28845,497507807
11/12/2020,28633.75,28672.9,28066.05,28278.8,308960319
11/13/2020,28108.7,28520.55,27703.3,28465.7,330891449
11/14/2020,28685.7,28752.45,28431.85,28594.3,43672347
11/17/2020,28792.25,29239.25,28722.9,29181.3,317307486
11/18/2020,29107.9,29784.75,29056.75,29749.85,487620929
11/19/2020,29302.6,29627.2,28819.55,28903.05,358602987
11/20/2020,28935.75,29406.7,28580.9,29236,320010076
11/23/2020,29432.8,29492.3,28852.9,29024.2,395630008
11/24/2020,29265.6,29827.8,29206.75,29737.25,348058801
11/25/2020,30021.9,30197.85,29132.3,29196.4,546078327
11/26/2020,29370.4,29623,28923.1,29549.75,369368245
11/27/2020,29622,29716.85,29368.7,29609.05,494394896
12/1/2020,29844.8,29919.75,29511,29817.85,325606521
12/2/2020,29876.7,29886.25,29149.9,29463.15,374276909
12/3/2020,29728.9,29813,29379.4,29448.75,419239179
12/4/2020,29573.4,30162.3,29473.5,30052.4,466911596
12/7/2020,30062.6,30354.2,29950.6,30211.55,431765351
12/8/2020,30300.3,30363.8,30025.2,30261.9,586847601
12/9/2020,30335.05,30807.25,30326.7,30709.4,542515807
12/10/2020,30545.35,30610,30202.1,30510.35,335772472
12/11/2020,30555.3,30811.8,30328.45,30604.85,409937035
12/14/2020,30735.15,30845.8,30624.25,30745.9,269034727
12/15/2020,30805.4,30805.85,30345.75,30691.05,279367757
12/16/2020,30920.35,30932.25,30587.1,30698.4,380587654
12/17/2020,30791.2,30945.2,30643.9,30847.05,260660598
12/18/2020,30841.85,30854.05,30374.5,30714.65,278144935
12/21/2020,30595.8,30607.5,29201.2,29456.45,390941877
12/22/2020,29607.5,29711.15,28976.75,29625.95,464415052
12/23/2020,29560.75,29941.4,29446,29883.3,379383537
12/24/2020,30071.65,30545.85,30007.8,30402.2,300013358
12/28/2020,30558.85,30929.05,30538.15,30880.95,317207023
12/29/2020,31006.9,31359.35,31002.6,31322.5,389215378
12/30/2020,31479.8,31510.25,31007.15,31303.05,267799744
12/31/2020,31295.9,31409.5,31088.1,31264.05,364121772
1/1/2021,31297.3,31384.35,31188.25,31225.85,362816824
1/4/2021,31485.15,31489.6,30893.65,31212.45,455777638
1/5/2021,31041.1,31767.65,30935.55,31722.25,427039458
1/6/2021,31839.95,31982.3,31548.15,31797.9,546145047
1/7/2021,32129.8,32177.4,31911.5,31956,503480241
1/8/2021,32298.05,32298.05,32002.95,32084.2,320076839
1/11/2021,32280.3,32288.45,31836.95,31998.9,262149604
1/12/2021,31835.05,32397.95,31725.85,32339,518130302
1/13/2021,32546.6,32683.5,32148.25,32574.65,631806349
1/14/2021,32526.7,32718.95,32442.35,32519.75,418770741
1/15/2021,32508.9,32544.8,32044.35,32246.8,441548129
1/18/2021,32275.15,32441.5,31650.9,31811.75,396843076
1/19/2021,32082.9,32464.95,31863.95,32424.85,354794656
1/20/2021,32388.95,32607.45,32322.9,32543.7,463373596
1/21/2021,32732.8,32842.3,31985.55,32186.9,429690838
1/22/2021,32088,32131.4,31119.9,31167.25,447189924
1/25/2021,31507.15,31697.55,31013.65,31198.4,354685592
1/27/2021,31236.25,31287.05,30165.65,30284.55,374955694
1/28/2021,29812.3,30464.4,29687.7,30358.3,616602174
1/29/2021,30700.65,31111.95,30254.55,30565.5,491234852
2/1/2021,30976.35,33305.3,30906.45,33089.05,724603063
2/2/2021,33589.05,34652.5,33583.15,34267.9,672200917
2/3/2021,34555.6,34908.05,34011.9,34758.45,605204158
2/4/2021,34548.9,35413.15,34238.9,35344.8,829671813
2/5/2021,35634.95,36615.2,35545,35654.5,929584155
2/8/2021,36073.85,36466.45,35872.25,35983.65,448653152
2/9/2021,36058.8,36477.15,35636.85,36056.5,692481033
2/10/2021,36042.35,36227.2,35428.15,35783.1,454605536
2/11/2021,35687.25,36009.45,35573.3,35752.1,397926100
2/12/2021,35736.6,36322.8,35700.25,36108.9,400613273
2/15/2021,36501.4,37449.9,36405.1,37306.25,395960815
2/16/2021,37492.6,37708.75,36762.75,37098.4,498415137
2/17/2021,37041.95,37331.45,36764.25,36910.95,850487354
2/18/2021,37088.75,37108.75,36367.45,36587,860331083
2/19/2021,36371.55,36656.2,35584.6,35841.6,1057099488
2/22/2021,35874.3,36128.9,35097.55,35257.2,558736003
2/23/2021,35540.55,35680.85,34976,35116.95,495062997
2/24/2021,35205.4,36567.65,35060.65,36452.3,272875395
2/25/2021,36763.15,37232.2,36494,36549,455940302
2/26/2021,35806.65,35902.9,34658.7,34803.6,583014812
3/1/2021,35374.25,35581.1,34983.75,35296,321453194
3/2/2021,35458.15,35747.05,35002.45,35419.7,313565974
3/3/2021,35754.45,36455.15,35570.55,36368.05,526962435
3/4/2021,35575.65,36316.4,35519.25,35802.5,518584470
3/5/2021,35458.5,35616.05,34893.25,35228.15,479018691
3/8/2021,35462.45,35827.3,35090.75,35275.75,300221829
3/9/2021,35705.9,36077.8,35544.95,35865.65,276564848
3/10/2021,36112.25,36176.9,35764.35,35938.3,210555025
3/12/2021,36497.35,36497.35,35188.05,35496.65,273642948
3/15/2021,35544.25,35544.25,34430.65,35182.55,353005770
3/16/2021,35352,35405.05,34744.6,34804.6,311778180
3/17/2021,34905.05,35100.5,34126.85,34229.25,294340779
3/18/2021,34577.5,34759.85,33597.55,33856.8,365798753
3/19/2021,33590.4,34355.4,33361,34161.6,457208862
3/22/2021,34088.4,34148.9,33389.15,33603.45,298859239
3/23/2021,33747.95,34360.05,33622,34184.4,365205246
3/24/2021,33894.7,33970.65,33203.4,33293.25,345484145
3/25/2021,33420.75,33550.15,32415.25,33006.45,486186269
3/26/2021,33605.05,33610.65,33166.1,33318.2,291664756
3/30/2021,33615.9,33990.8,33564.55,33875.1,374227813
3/31/2021,33764.8,33773.1,33151.8,33303.9,317682921
4/1/2021,33588,33949.15,33208.75,33858,275264439
4/5/2021,33649.15,33697.75,32330.15,32678.85,306389349
4/6/2021,32915.65,33007.65,32338.4,32501.35,263466128
4/7/2021,32529.7,33191.7,32141.55,32991.2,301661823
4/8/2021,33154.2,33306.8,32704.75,32782.85,242109321
4/9/2021,32636.9,32972.15,32329.95,32448.05,342531390
4/12/2021,31637.9,31698.05,30520.3,30792,500839301
4/13/2021,30901.8,31885.45,30722.85,31771.6,394495718
4/15/2021,31929.1,32187.05,31406.4,32112.85,359820808
4/16/2021,32161.45,32325.15,31911.9,31977.45,282437841
4/19/2021,30993.45,31304.3,30405.65,31208.4,371591981
4/20/2021,31568.95,31731.65,30891,31112.7,301980700
4/22/2021,30763.5,31834.5,30555.25,31782.6,324393822
4/23/2021,31490.6,32148.4,31377.15,31722.3,333782207
4/26/2021,32316.65,32603.7,32144.8,32275.15,312038031
4/27/2021,32228.95,32807.1,32152.95,32735.35,298418626
4/28/2021,32865.5,33777.7,32840.3,33722.8,354104361
4/29/2021,33901.6,34287,33304.6,33714.5,381173342
4/30/2021,33112.4,33455.25,32663.4,32781.8,356408638
5/3/2021,32368.55,32566.6,31906.55,32465.75,313628139
5/4/2021,32610.4,33011.55,32191.4,32270.35,672537145
5/5/2021,32577.1,32862.15,32068.55,32783.7,343564356
5/6/2021,32900.75,32956.35,32564,32827.8,268011511
5/7/2021,33041.65,33259.15,32771.35,32904.5,261346010
5/10/2021,33175.3,33297.6,33028.15,33142.4,366829284
5/11/2021,32640.95,33154.3,32611.7,32872.2,410859353
5/12/2021,32717.65,32747.7,32352.3,32452.3,530601264
5/14/2021,32495.15,32622.65,32115.5,32169.55,344502670
5/17/2021,32437.85,33506.9,32318.7,33459.25,432480348
5/18/2021,33893.1,34142.85,33730.45,33922.4,385809306
5/19/2021,33717.1,33959.3,33608.25,33685.2,310365750
5/20/2021,33692.55,33833.7,33273.95,33334.55,498149396
5/21/2021,33559.8,34694.45,33559.75,34606.9,534919600
5/24/2021,34869.3,35216.1,34528.3,34943.6,618209361
5/25/2021,35095,35125.85,34410.4,34662,349434738
5/26/2021,34757.15,34897.95,34462.5,34684.2,321416671
5/27/2021,34664.2,35220.8,34529.7,35095.05,726180251
5/28/2021,35345.65,35436.65,34977.2,35141.45,551320823
5/31/2021,35097.45,35584.3,34930.1,35526.65,379880136
6/1/2021,35639.75,35713.9,35241.2,35337.2,323916139
6/2/2021,35271.6,35415.85,35070.3,35373.75,591363574
6/3/2021,35536.45,35723.7,35413,35649,421766510
6/4/2021,35657.85,35810.9,35176.15,35291.65,282780039
6/7/2021,35460.8,35545.85,35338.55,35443.65,253219977
6/8/2021,35433.8,35449.5,34962.65,35085.3,214827767
6/9/2021,35114.25,35402.45,34641.2,34800.5,315893506
6/10/2021,34903.6,35165.65,34734.4,35131.2,324664716
6/11/2021,35324.65,35344,34891.3,35047.4,192127390
6/14/2021,34936.55,34995.15,34374.35,34950.6,311604282
6/15/2021,35038.05,35317.4,34917.9,35247.75,170044245
6/16/2021,35196.25,35380,34916.2,35003.5,157933211
6/17/2021,34619.8,34882.4,34458.1,34605.4,199243725
6/18/2021,34735.15,34787.4,33908.95,34558,274819851
6/21/2021,34109.45,34927.65,33937.5,34871.3,260354639
6/22/2021,35084.9,35281.9,34664.35,34745,264369582
6/23/2021,34911.85,34937.65,34525.45,34574,315407199
6/24/2021,34687.7,34935.3,34592.35,34827,210383466
6/25/2021,34916.65,35491.95,34915.85,35364.65,236854047
6/28/2021,35488.2,35576.95,35236.45,35359.45,320196203
6/29/2021,35320.45,35337.45,34913.7,35010.3,266274918
6/30/2021,35001.9,35214.9,34730.45,34772.2,249544293
7/1/2021,34866,34917.65,34650.95,34684,164003666
7/2/2021,34728.1,34894.45,34632.6,34809.9,165618523
7/5/2021,35010.95,35234.3,34926.4,35212,164345876
7/6/2021,35173.6,35807.45,35165.55,35579.15,179452046
7/7/2021,35550.6,35795.75,35427.65,35771.3,151482780
7/8/2021,35603.25,35811,35134.65,35274.1,169181977
7/9/2021,35163.75,35225.2,34859.9,35071.95,145257589
7/12/2021,35285.05,35394.3,35060.35,35198.9,183089619
7/13/2021,35480.05,35727.85,35340.7,35673.4,134145673
7/14/2021,35585.85,35804.05,35434.75,35668.25,103104332
7/15/2021,35757.45,35985.25,35625.7,35907.65,116401975
7/16/2021,35977.95,35977.95,35674.75,35751.8,124898578
7/19/2021,35070.5,35347.05,34899.2,35079.2,130897303
7/20/2021,34791.15,34894.15,34357.35,34415.45,159709578
7/22/2021,34774.55,34989.1,34557.85,34677.3,164037904
7/23/2021,34748.35,35088,34404.75,35034.4,200257651
7/26/2021,34947.85,35138.2,34669.55,34949.7,179131153
7/27/2021,35029.3,35186.1,34713.55,34797.45,173044876
7/28/2021,34839.45,34841.55,34115.2,34532.9,174745645
7/29/2021,34740.3,34778.15,34495.2,34691.5,195999122
7/30/2021,34698.75,34738.75,34445.4,34584.35,174178173
8/2/2021,34760.9,34861.75,34588.25,34710,241611859
8/3/2021,34660.75,35238.45,34649.2,35207.45,254949840
8/4/2021,35388.15,36219.8,35313,36028.05,363137299
8/5/2021,36093.95,36115.45,35661.3,35834.75,312002845
8/6/2021,35875.8,36080.1,35700.45,35809.25,230463834
8/9/2021,35824.2,36159.85,35612.3,36028.95,166874234
8/10/2021,35954.55,36317,35890.5,36034.1,201187741
8/11/2021,36218.25,36227.55,35531.35,35806.4,200203008
8/12/2021,35825.4,35998.15,35702.9,35937.05,122331527
8/13/2021,36000.75,36233.3,35937.1,36169.35,125846393
8/16/2021,36100.65,36261.55,36032.4,36094.5,87300657
8/17/2021,35935.05,35993.7,35611.85,35867.45,118332001
8/18/2021,36222.5,36248.9,35432,35554.5,140479197
8/20/2021,35146.5,35306.5,34926.5,35033.85,181201194
8/23/2021,35424.2,35427.4,34817.5,35124.4,174160064
8/24/2021,35200.75,35795.3,35070,35712.1,173607876
8/25/2021,35768.85,35910.3,35499.65,35586.25,144304924
8/26/2021,35485.95,35785.8,35411.8,35617.55,136431065
8/27/2021,35559.75,35727.9,35359.25,35627.8,120863177
8/30/2021,35781.05,36398.45,35721.9,36347.65,150364401
8/31/2021,36367.4,36552.8,36216.2,36424.6,210320042
9/1/2021,36591.45,36997.7,36487.15,36574.3,181520267
9/2/2021,36588.4,36895.55,36469,36831.3,118881969
9/3/2021,36883.65,37140,36563.2,36761.15,155572966
9/6/2021,36878.25,36923.65,36554.45,36592.35,88610035
9/7/2021,36558.85,36685.85,36151.95,36468.8,124504318
9/8/2021,36519.7,36855.9,36393.6,36768.2,175840330
9/9/2021,36725.5,36857.2,36566.7,36683.2,83638944
9/13/2021,36608.45,36724.85,36327.05,36471.8,82205571
9/14/2021,36639.95,36756,36529.65,36613.05,109343491
9/15/2021,36543.55,36949.7,36496.05,36852.25,177854499
9/16/2021,36946,37720.15,36907.75,37668.6,423076588
9/17/2021,37929.5,38112.75,37396.05,37811.95,335066214
9/20/2021,37388.2,37802.75,37068.45,37145.7,152042291
9/21/2021,37238.4,37340.7,36525.95,37235.85,153954277
9/22/2021,37277.1,37328.6,36885.6,36944.65,106372965
9/23/2021,37241.25,37830.75,37216.15,37771.7,139137134
9/24/2021,37954,38112.6,37680,37830.3,138418570
9/27/2021,38054.75,38355.2,37968.2,38171.25,112955375
9/28/2021,38360,38377.25,37315.2,37945,200987747
9/29/2021,37601.1,37923.45,37371.05,37743,260519352
9/30/2021,37677.8,37884.85,37354.25,37425.1,235076302
10/1/2021,37140.4,37299.4,36876.35,37225.9,189209173
10/4/2021,37392.15,37670.7,37355.6,37579.65,146438070
10/5/2021,37499.8,37786.6,37364.75,37741,153094965
10/6/2021,37768.8,38106.85,37452,37521.55,204213956
10/7/2021,37894,37923.65,37650.25,37753.2,136415691
10/8/2021,37906.4,38105.2,37674.35,37775.25,168175930
10/11/2021,37782.75,38495.3,37744.65,38293.8,136093225
10/12/2021,38178.35,38609.6,38144.6,38521.5,201279829
10/13/2021,38735.3,38779.05,38502.7,38635.75,205858894
10/14/2021,38684.65,39375.05,38673,39340.9,249639376
10/18/2021,39794.25,39947.6,39569.55,39684.8,580029143
10/19/2021,39927.3,40011.15,39394.25,39540.5,274854608
10/20/2021,39545.45,39774.55,39292.8,39518.2,236894524
10/21/2021,39676.55,40200.45,39428.1,40030.2,271266226
10/22/2021,40192.65,40587.35,40149.55,40323.65,370521433
10/25/2021,40961.25,41829.6,40508.1,41192.4,476829654
10/26/2021,41057.75,41367.25,40829.15,41238.3,437106559
10/27/2021,41234.55,41347,40750,40874.35,322833423
10/28/2021,40915.15,40931.05,39350.2,39508.95,512721476
10/29/2021,39424.55,39775.25,38426.65,39115.6,341299932
11/1/2021,39432.15,39862.6,39120.65,39763.75,-
11/2/2021,39796.9,40107.6,39590.7,39938.45,265000402
11/3/2021,40040.65,40160.2,39304.85,39402.05,267471244
11/4/2021,39669.1,39734.7,39514.15,39573.7,38771464
11/8/2021,39674.05,39674.05,38932.15,39438.25,212859120
11/9/2021,39517.85,39560.6,39223.4,39368.8,203521905
11/10/2021,39206.2,39220.3,38873.8,39023.25,167942059
